id,text,political,racial/ethnic,religious,gender/sexual,other
hau_984c8f5f3fbad7077a5bcec4d736e43e,"@USER see u, fulani ka raina kenan? to a garin arna akai ai",0,1,1,0,0
hau_f71702645be0a6248ae12e199a024d06,this is arne mai shocking. ##url,0,0,1,0,0
hau_5544b69a4d7c14cde21f979e5006e081,amma kanajin na yarbawa da inyamurai dai koh. ##url,0,1,0,0,0
hau_3594f83a67ffc8b8f1fcfd0468de37a4,anci inyamurai amma dan lagos red card 🤣 ##url,0,1,0,0,0
hau_7abd26834382ba1c96e6ecd6cb1f39c0,duk laifin ku ne: ai ba ku taimaki buhari ba inji ngige ga inyamurai ##url ##url,1,1,0,0,0
hau_a45da892e4f2b0e75b42265be25e0474,@USER ai dakiki ne,0,0,0,0,1
hau_dfddc8bccb319f170d031f1cb4a9d0f7,@USER kawai dammu ba original barayi bane,0,0,0,0,1
hau_f71eed4d8a4a9988b488678f0d5f2664,wallhi so painful 😣 kana ji kana gani babban mutun ya zauna ya sharara maka karya ko kunya bbu ynxu ##url,0,0,0,0,0
hau_47d4437bffdad52a33ce793d49e60047,yar shi'a ce. ##url,0,0,1,0,0
hau_9ee5de8c258b298ef86744d511e33afd,"kodus to my iron governor, i think with the effort of mallam @USER who always keep hope in youth people, i trust him, he will ensure that the almajiri system is well sustainable toward ensure that each &amp; every child has right to education and well being. @USER ##url",1,0,0,0,0
hau_959669a428c303e045312edc73495415,@USER yarinyar doluwa ce ta karshe😂,0,0,0,0,1
hau_f314597b385b320853249b570075d39f,@USER shikenan karya takare😂🤣,0,0,0,0,1
hau_3f548414f76eb3feb4e5c171f67fab43,@USER kuna ta wani cewa ruwa sai kace wasu yan daudu😬 haba!,0,0,0,1,0
hau_27d7cb25105c0f9acc6ccf64c29f013b,"dan uwa.. kayi kokari kar mutane su shaideka da rowa, rowa halin banza ne, kuma ba halin mutanen kirki bane.. allah ka rabamu da rowa..✍🏼",0,0,1,0,0
hau_b81d098630102aaefefdabdd797aebc4,@USER almajiri system is not a muslim practice please.,0,0,1,0,0
hau_bf19180cad09ff1961aaf7330be96b3c,@USER idan kace a kyale ahlussunnah a zabi arne kana da hujjar da zaka fadawa ubangiji amma ni bana da hujjar da zan fadawa ubangiji akan haka maganr nan da muke addini ne kuma wallahi allah sai y tambaye mu akan abunda muka fadawa mutane,0,0,1,0,0
hau_e7b98b504a119bae1f793d684b9496e5,"Ai raban matan Arewa na twitter, only one fraction one suke tweet dakansu.😂",0,0,0,1,0
hau_e7962ef88c4eb95f7c4d420d0aa6bb3e,yan wahala ahaka zaku kare. ##url,0,0,0,0,1
hau_6a05c301ef08655681742ed4defe4eea,"@USER abu mai sauki, ki je ki so inyamiri ko bayarbe mana.",0,1,0,0,0
hau_9dbcd51b19cc3f61da2842ad12f33417,i am inyamiri ##url,0,1,0,0,0
hau_d30aabb7ccab9c1672434dbacc41f67b,ko shi ya mutu yabar arna - ilu.,0,0,1,0,0
hau_f0e99974cdb0778ca004541d4d76e706,"shop our new range of mini bags exquisite finish ☑️ classic design ☑️ jákā by @USER n7,500 each ———- #luxurybags #affordableluxury #rigajaka #rigabags #rigaonlinne #rigaonline #abujavendor #abujabagstore @… ##url",0,0,0,0,0
hau_df42b25ddfa1e0571797216d1eff21dc,"@USER constitutes techncl comitee on remodeling almajiri system of education concernd by d plight of childrn begging &amp; roaming in d street under d guise of aitendng qur'anic schools as almajris,ganduje has constuted a powerfl technical comitee dt wld luk into d almajiri ##url",1,0,0,0,0
hau_8f2bf2489bd3515f45e8bdf8971d3ae9,gaskiya nasiru jahili ne @USER ##url,0,0,1,0,0
hau_7c2d96619b735a1fddd68b731de4e5ca,"@USER u only, marowaciya ameen",0,0,0,0,1
hau_dbf9f58467b676b65af87f6a323f3a49,"WATA ZABUWA KUMA , DARIQA GIDAN MAHAUKATA KENAN .",0,0,1,0,0
hau_1d223533fc365ae63d0a0eaeeb6ac87f,Wlh Gawuna Dan walaha ce,1,0,0,0,0
hau_ac46b49f3ae29e7f24ed49086a7d15f8,zan kashe arna fa ##url,0,0,1,0,0
hau_ccd8f38c765e88d99f6856e9447f23e3,"@USER they could have partnered to better the citizenry. almajiri, toxic work environment (due to predatory foreigners), investment, security, etc. but their egos and pockets..",1,0,0,0,0
hau_40779fb9e2e5aa665a335ea60a3ada60,"sabuwar karin magana!",0,0,0,0,0
hau_bf7335a59e760948863220d11c48d630,@USER you are an undiluted idiot. brainwashed almajiri with no hope of redemption.,0,0,0,0,1
hau_87be56a2b58872bac8b9439f374401de,@USER that should be kafura,0,0,1,0,0
hau_6b079616e61b18f7656e745355149d10,@USER gaskia ce don bbu kuma wata karya da za'ayi masu 🤣🤣,0,0,0,0,1
hau_81cf0273a378ab8330f7442467b888b9,@USER almajiri votes count in the north… sad reality,1,0,0,0,0
hau_d90edceb0f9c33d4c02ce079b561f2de,ina na ruwanka dashi? ai mahaukaci sai addu’a ##url,0,0,1,0,0
hau_64b51056555b3fbb7319084ae540709a,@USER naga tasono acikin hancin naki💔😂 ##url,0,0,0,0,1
hau_27fad7ee2f8025c017713fe7eb1a9b5d,"rukunan bala,i cikin al,ummah. =shugabanni jahilai. =masu kudi marowata = malamai makwadaita =mabiya wawaye. bin othman",0,0,1,0,0
hau_e9902a250eeebc60078aa96b43e64785,@USER da yanzu dangin ku arna ne,0,0,1,0,0
hau_f5644ff729faee11cc44b06dbf4d35aa,"ce wallahi""@USER : kasan abunka da jahili(arne)""@USER : hahaha.. ybello kana azumi kuwa? “@USER : babanka ne biri""",1,0,1,0,0
hau_8898bfdc9b6fa1f088cbd68aba63dd67,@USER lmaooo...yawo zai kashe ki...karuwa nake nima ai😅😅,0,0,0,0,0
hau_12a27b1318158f818f032ffab2c2e321,larabawa na shan wuya hannun yahudawa mu kuma muna jin pepe a hannun yarbawa 🥺🙏,0,1,1,0,0
hau_c0a9c7ebaef033e6bdb0af697d4c9723,tab tunda naga inyamuri yana tallan dabino daga nasan buhari ya gyara kasar nan sosai,1,1,0,0,0
hau_4f9b412c84d93797241b8eb5d18d6a38,"which animal run this one o 🤭.. nigeria and nigerians , shege and banza 👍 ##url",0,0,0,0,1
hau_8b6a2c13913645eb5cef0d9a357e1eb5,"Yanzu shikenan duk arewa influencer namu sun zama Yan PR 😭😭 Sannan kayi mgn suyi dragging naka,wlh kunji kunya 😏🙄 shame on you guys",0,1,0,0,0
hau_61b08ab4230f3ff402fc26b15a4f5044,"samuel aruwan ...though not a native hausa speaker introduces new hausa idiom ...""yan ta'adda hudu sun kwanta hagu"" amma yan sanda biyu sun kwanta dama"". while ""kwanta dama"" is a well known hausa idiom, ""kwanta hagu... well tried, you did very well.",0,0,0,0,0
hau_5e538145cec3d8f5190089267364aa44,@USER razor baban arna asa wuta,0,0,1,0,0
hau_121a22b31fdfc6a5d698d7f84d95b4a4,🙌🙌“@USER : i am almajiri and i are represent d whole norhten state and my vote is for gmb...@USER _ ##url,1,0,0,0,0
hau_90d2beaacb911d7cb6a521a57fc558c7,"A dokar zanga zanga ta kowace qasa shine idan Yan zanga zanga sukayi jifa ayi amfani da tiyagas ko ruwan zafi Amma a Nigeria da bullet sukayi amfani Kuma a haka wasu jakai Yan PR din jam,iyar Samoa suke ganin anyi dai dai Allah ya wulaqanta ku ya yan asara @USER",1,0,0,0,0
hau_5f732f1114eb50b888ef198208bc264e,a hannun mallami biri ke yin tsiwa. a gaban maguzawa ko kuka yake!! #ranarhausa2020,0,0,0,0,0
hau_4d288c2b0f9af9b9bc15eb85d8f771d1,"@USER you are free to interpret almajiri word the way u understand it, but let me repeatedly tell you, almajiri will continue deciding your future leader for forever",1,0,0,0,0
hau_e08cf6aaf142fdf084dce414022e389a,"kin bar gashi a bude, kin sa matsetsen wando, kin sha matsatsiyar riga, babu mayafin kirki jikin ki, surar jikin ki duk ya bayyana, ki chaku da cikin maza, kina tafiya kina ihu kina rawa, duka da sunan breast cancer awareness, mu dauko al’adun yahudawa da sunan fadakarwa. sad!",0,0,1,1,0
hau_ddb1221716472a743b657552ae1a7fe5,"for now, kaduna is lucky. imagine all the almajiri cases not detected? ganduje has been in power for over 5 years but this is the right time to deport beggars? even if he has perfected the plan, with #covid19 it's only rational to hold on.",1,0,0,0,0
hau_fcccb5c07d201fff884c179e1e835cc6,@USER 'yar shegiya ce kawai mai son a santa don dole!!!,0,0,0,1,0
hau_482993f0a73d7e9b99c75f7a4353ee12,garin marowata kake yabawa ##url,0,0,0,0,1
hau_e517f6dd44b3fe6729058e7059ef1615,"almajiri sayyadi ""@USER : @USER gaskiyane malan naziru""",0,0,0,0,0
hau_39efe2d8a56c33ac51326334d8164464,"eh sabida dan izala zaiyi fata fata da kai da qalallahu qalarrasuul, allah ya ce annabi ya ce ba dabara ba rainin hankali ba tatsuniya. 🤡 ##url",0,0,1,0,0
hau_ac65135527b1e55e3332e0a68b34dd95,"german broadcaster, dw radio hausa service reports on our almajiri literacy project, 7 minutes into this show of saturday 11 august: ##url",0,0,0,0,0
hau_2dfaefcd149a66637e8539d47a24924c,@USER dama dadin kunnen shege nayi🤣🤣🤣🤣,0,0,0,0,1
hau_bfd5023f49785cffc28f6d42b549cae8,@USER almajiri wey get money pass your papa now 🤣🤣🤣 ##url,0,0,0,0,0
hau_d7576725c16604d2940689866d60cce2,"Dama kana Musulmin kirki amma kake sauraron wakokin shi?? Laananne Devido, Haba why ???",0,0,1,0,0
hau_7e81d747b425aaf52008f25a8f0b8799,@USER aci jakai 😂,0,0,0,0,1
hau_c48192db8a9aca493326ac265b52c187,dan shegiya please i want to see ##url i want to see to stupid guy that is threatening ##url kama karuwa ne tunda kaci wawa dan mara wayau ##url,0,0,0,0,1
hau_7171c17cfd8798d30e95575f576fe7e5,@USER yanxu wannan mummuna ce?,0,0,0,0,0
hau_f4805a66b8c6dd034f0865977aa6430a,"day 3 project: power &amp; water (completed), ffencing, drainage, access roads (ongoing) site: sokoto almajiri school, shuni #aprojectaday ##url",0,0,0,0,0
hau_01ed96561755e0cc5e7b31a9796407ee,"Elrufai really raised the bar in Kaduna. Since the current clowns came into power, the city has become a den of crime, dirt and more forms of societal decay. Yan jagaliya kawai",1,0,0,0,0
hau_064b76b5932d112e8467306c05152f13,katon banza bah 😂 ##url,0,0,0,0,1
hau_4c0f3c07daace973e175c7af3306614c,@USER karyar banza kawai🙄 itama bukata takeyi🤣🤣🤣,0,0,0,0,1
hau_644b6efd19365c9b466ed493aadcc081,"@USER karnikan farautar yahudawa sunshigo maganar,bara muja bakinmu muyi shru",0,0,1,0,0
hau_9ee2f2dcd0200a84c87766e9b80e487e,buhari ikon allah. dodo mai razana arna. in sunyi dubu sai sun watse. baban zahrah sa gaban ka inda kake so na aisha jagoran rundunar chanji,0,1,1,0,0
hau_ad83d180192d4983ca6061d22dd751db,"@USER kaidai jaji ne, katan banza maqaryaci, da kana da kunya dakajita yau. baho kawai",0,0,0,0,1
hau_34ffdda461b8c69444ea368a866b01dd,@USER arne banza! who spoiled it?. was it not your stupid party @USER ?,1,0,1,0,0
hau_4c4688a0420febc27eff2c97983adc5c,sannu da kokari @USER an fara yiwa wancan tsageran inyamuri yaren da yafi ganewa🤭 ##url,0,1,0,0,0
hau_0378c31233f0e586660bc05a16951ed7,"morning #upnorth👏🌷 if u call us aboki we call u nyamuri if u call us almajiri we call u e-begger call us bokoharam we call u yahoo boys call us uncivilised we call u political thugs call us paedophiles we call u rapist/ritualist ""sub for sub""so it's better to let peace rain. ##url",1,1,0,0,0
hau_8be155d8737244aae3a8ad6bf1b00fab,"maimakon shagala da mayar da hankali kan koyar da juna sunnah,da tsaftace addininmu gami da qwato juna daga aqidar yahudu da nasara,da kacokan koyar da tsantsar tauheedi ga juna,amma sai mu shagala kan wani abu daban😢ya allah ka ɗora mu kan tafarki madaidaici ba don iyawar mu ba",0,0,1,0,0
hau_510153448d134f8a28c22101507c3b7f,"@USER yar shegiya,haka zata kare",0,0,0,1,0
hau_8a77fc4447d4292ed23d058c5e2c7046,@USER yanxu kenn ko domin bszan manta ba da adamawa basa son atiku domin ya tafi v. p ya barmusu arne a governor wanda basuji dadin shiba,1,0,1,0,0
hau_d366fe9c8cdbce80c421101355f147cb,wata yar tiktok tace akwai qaracin tarbiyya a twitter.😅 wahala no de finish 😅😅😅💔,0,0,0,1,0
hau_24f2cc99210f0d8f87c985a530a28a23,na dade gane zayn dinnan jaki ne,0,0,0,0,1
hau_576e2e38bd23d68991d7d95ee737ad36,ana cin jakai 🤣😂 #barcagranada,0,0,0,0,1
hau_c94c5b8542062387e6e431f87ab39ca4,"@USER gboko kasan tiv ne. ka wuce gaba, in da inyamurai suke. ka gayamin a kasan nan in da ba inyamurai? ran litini, ka shirya ka sanya riga da ke dauke da hoton tallata peter obi, ka je kowace jiha cikin jihohin biyar na inyamurai ka zaga, in ka dawo, sai muyi magana.",0,1,0,0,0
hau_76c607a45323b80a353f6e4cf3dc3ae9,@USER kice kina neman dolo kawai😂,0,0,0,0,0
hau_a4332712494a2467ed83925e93e983cf,"baku hakura ba kenan “@USER : ""kai arne.. @USER : zaka sa mana nudes din a header kenan ""@USER : gotta change ma header""""”",0,0,1,0,0
hau_ee9508d27cd0d4a5e630fd1c5f7dac22,@USER shima kamata yayi yazama mai saukin kai domin kowacce matsala tana tare da solution dinta maganar chanjin kudi bai kamata a saka deadline bah madamar central bank of nigeria zasu ringa bama branches 10% na sabon naira note baba kasan dole talakawa su sha wahala ##url,1,0,0,0,0
hau_bd4c7a57eb61ac2a5e5a54efa17d5bd9,"da kingan namiji marowaci to halal dinsa yakenema, su kuma masu baki kudi a banza idan za ayi bincike yaron shago ne ko kuma yan bani manda in baki...?",0,0,0,0,1
hau_87fdbce86ecc144d1d61f0a96eb6483f,toh aii banzan inyamiri ne yazo in masa tutorial 😄 ##url,0,1,0,0,0
hau_2d4c3fc14a601ea494ae13d47b79ca6e,Jaki dan akuya jahili da ƙiƙi dan Kutumar uba shege ✍️👌,0,0,0,0,1
hau_aa08a20d02aba3e2c8b3108ae82b5450,kana riqe wayar datakai kimanin 70k sannan aqalla kanasamata data datakai 3k monthly qaryakake kace baxaka iya auren mata 2 ba da agola 1 munafikin allah ta’alah wabarakatuhu🤣🤣🤪🤪🤪,0,0,1,1,0
hau_b29441629953c831c5c9f3c64f709e15,@USER rayuwa arna kenang,0,0,1,0,0
hau_6321c495c597f7d6cd09921885d20440,ta tabbata dai ball ba haramun bace tinda gashi saudia sunci arna 💯🤩 ##url,0,0,1,0,0
hau_a3e8feca44e3ba1b02a1c97b683e2b26,@USER to kodai maganar nan da 2 kakeyinta ka samo sakin wawa ne???,0,0,0,0,1
hau_944091bfd48e8a222d0a111ac809c5b0,almajiri wey dey hungry get time to chase and stone you?? btw if the churches had wooden structure you still cry about it.. fucking bigot liar. ##url,0,0,1,0,0
hau_36098577b0c467c1043dbaaad5addce0,Yi mana shiru banza me yin dan malele,0,0,0,0,1
hau_6df8e801bd5ee0b2451d6f711d133232,barbarar turawa inyamurai can relate ##url,0,1,0,0,0
hau_6440edcd6cf12190698bb53d9e64f987,@USER arne ko na maka ne dan banza ne,0,0,1,0,0
hau_997c8a700740166a1288c681d5e2dbc8,"@USER alhamdulillah, allah ka taimakesu akan wadanga""yan ta'adda, allah ka tserar da wadanga yaran. subhanallah gaskiya mulkin siyasa bai zama alheri a garemu ba wannan karon. ya allah kayimuna maganin wannan musibar.",0,0,1,0,0
hau_de8a52c59f1089b1a324bd09b9b47175,"yan kutumar uba shegu ba, ko shinkaface ya ishemu haka, ##url",0,0,0,0,1
hau_d2648dafe461575f0294cfc57f9f6043,@USER shawara agareki kiyi maza maza kimasa reply kafin labarin ya chanja daga almajiri zuwa durling😂,0,0,0,0,0
hau_95e7928726ee3cc794438893168cf46f,@USER insha allagu se ka karya na 29 ka biya 60,0,0,0,0,0
hau_179e2428abeb0569a4b6dcc0f08d085b,en sokoto dolaye ne ai. ##url,0,1,0,0,0
hau_f12654e42d3249f6d84f485416ae6f15,😂😂😂 bayahude ne ai ##url,0,0,1,0,0
hau_e3eda8659ff8964ef0c2757d25ed6032,"@USER kuma ahaka ake cewa @USER daqiqai, despite title 3 damuka dauka akan atm",0,0,0,0,0
hau_d46daddeae8ef401d7238069b184a426,"@USER ipob bandits how inyamiri you beheaded &amp; roasted onye ori onion",0,1,0,0,0
hau_782aae239d5b3fe2c94361058fe88540,"@USER to ko a somalian in kaga mace da abaya yar wancen kungiyarne",0,1,0,0,0
hau_7779f971d0c4b9e44637afe9034d56a2,"@USER wai daman ke ba inyamura bace🤔",0,1,0,0,0
hau_7bafacd606d9dee74e7cee95f8277d4e,"@USER koh da arniya ce",0,0,1,0,0
hau_cbf1bdd94361d60e55c6774b2a69198a,"@USER arne kaga gemunsa😂",0,0,1,0,0
hau_8e2286abdaa2b53c5a43e2a13e11cddd,"@USER and the guy is busy calling him sakarai just imagine this kind none sense abeg",0,0,0,0,1
hau_1fcff27ecdc63dca7852720481daf56d,"wallahi tallahi na tsani atiku abubakar da sen shehu sani allah ya isar mana ga yan tasha",1,0,0,0,0
hau_fbfe2c9ca8b5bb50f1fd4cd295c95a15,"@USER ai hausawa majority gidadawa ne",0,1,0,0,0
hau_3ee675224e453632a70bc5aa85e1e5b1,"kafur kafur dan kafura uban kafurai dangin fir'auna da hamana kawai😡 ##url",0,0,1,0,0
hau_e6565f0c71c959a4afcbe126704721ac,"@USER ahahahah in aka cisu basa fitowa streets kananan arna",0,0,1,0,0
hau_32cd9f85f156cc782036c73d301b7044,"alhamdulillah masha allah! that's so amazing how beautifully this almajiri reciting the holy qur'an. keep the hard and the reward is from allah! ##url",0,0,1,0,0
hau_f6fdc0467f28cd7cc29dcfb5e1c02a15,"Arewa Bata Taba Asara Lokacintaba Kaman Lokacin Buhari, Buhari Mayaudari, Makaryaci, Azzalumi, Allah Ya Isa Tsakanin Mu Da Buhari.",1,0,1,0,0
hau_8adcd01de55c8938ebfa4cc47b28ae53,"@USER su waye kafirai?kai ka kira kanka kafiri beside shin mutanen ku nasan hausawa??bahaushe nawa ke kasarku??ku meyasa daku son mutane ne??gaskiya kuna da matsala sosai...babbar matsalan ku shine rasin son mutane...yan uwanku dake wajen yarbawa ai basu son yarbawa.kaga kukeda matsala",0,1,1,0,0
hau_1a79ee4bb3e0faa37da1e7f8a7632cbb,"Kullin idan na shiga tiktok se naji wani yace MARKE ko kuma DAN MALELE.",0,0,0,0,1
hau_67eefdd7d8890d8ceb24dd48c0cfa8a7,"almajiri in suit on wall street with the goal...with the goal, i got nothing to live for than to make it",0,0,0,0,0
hau_410df80d65ac38817afa911d7137f71b,"ka ga jahili! ##url",0,0,1,0,0
hau_949e8ed94bedc7038481f61265159e38,"@USER dama ai kai dan yakasai ne, kuma yan kauye ne dama 🏃‍♂️🏃‍♂️🏃‍♂️",0,1,0,0,0
hau_4928488e8bfd33f23a287e522dcb5c67,"@USER amma marasa hankali kuma",0,0,0,0,1
hau_0c8230b508035304e25c7a61ffd209db,"@USER bashi kadai bane nature yar duniya ce kawai yarin yar",0,0,0,1,0
hau_554e3aeb18cdfdab6a23b1606c7f56be,"Wlh Abba yayi kokari yapi wasu Gwamnonin Hata gwamananku na Sokoto yapisa Ampani ynz Kai Governor kho sace kudadan nan yayi Duka Wlh Babu yace zakuyi dashi sai gobe gaban Allah Babu wani Dan Dan Siyasa da Baya sata A Nigeria da kasata haka kawai gwara Kataimaki Talakawa",1,0,0,0,0
hau_9bb56d057985e4d7976866cfe00ee167,"stop almajiri system #givenortheducation",1,0,0,0,0
hau_fbed0ef46041bc04c92ccebc0645e765,"@USER yan shaye shaye ne kuma karuwai ne",0,0,0,0,1
hau_5700aaa85ae7d7f0e7bbdcfb5a9eb542,"madugu jagoran talakawa ##url",1,0,0,0,0
hau_09f784b1532954558fef42d3beeebb6f,"some people always look for reasons to criticize the rulers, scholars or even the muslim ummah at large and they do nothing to help themselves or others. ‘yan wahala",0,0,1,0,1
hau_8463d15441d453cceb84c22901d0543d,"@USER yar duniya 😂😂😂",0,0,0,1,0
hau_dc5fa2fb73a7f57642aa5a11b6a695b5,"@USER even the one that stood by you one day she will brag she will proudly tell you that; nida nike tareda kai tun kana matsiyaci tun bakada komai nayi hakuri, and what you gonna do it's not about that my brother choose the best among them interms of everything.",0,0,0,1,0
hau_c64b83bfd10fa74aa0160dc0bd05f6e2,"Dama yan kwankwasiya jahilai ne ko a kano din yan jagaliya,yan daba da karuwai ke yin kwankwaso. @URL",1,1,0,0,0
hau_259492a64614ab1ab022efeeb71c0b05,"@USER ki gane kawai, billahillazi yama ci uwar baho amma abarshi a bahon. 😂",0,0,0,0,1
hau_deb55a1b3dc4bf5e7fe2ea4a26e1349d,"tukunyar da comrd yake storing din ruwa saboda iftar akuya ta fasa ta, duk wata akuya yau seka ta iya cewa sorry 😢..!!",0,0,0,0,1
hau_2aa11f31792d9ee4cc855297a745d50a,"@USER dan iskamana shege yananike ajikin mace",0,0,0,1,0
hau_1214bb577129db3d27fdb659e59d772c,"polygamy is not the problem, the manners in which we are doing it is the problem. you don't have the resources to feed one wife, yet you marry four and quote sunnah. you are in kano but your sons are scattered all over bauchi, jos, gombe, sokoto as almajiri. the self-centered... ##url",0,0,1,1,0
hau_73f5dea6a200ad2dc24b01a27032021e,"alummar zamfara ba gidadawa bane kar a maidamu mushirikai, charming and charmers can't solve zamfara issues of insecurity, islamic scholars to take action. @USER ##url",0,0,1,0,0
hau_b8a53eb886ae3adcd26232698c8d7e16,"Shegu Yan iska hisbah, da za ka ce masu su taimaka a shiga daji a je ai fada da bandits ba su yarda, amma indai a ci zalin talakawa su ne kan gaba, wallahi Addinin Gargajiya a ke ma na a Arewa, ba a ta pa ganin su a partyn ya ran ma su kudi",1,1,1,0,0
hau_4ee82420f42b81d48c0f262ca7078db8,"@USER mahadi dan bariki ne, maganarsa ba ta kama wa. share kawai!",0,0,0,0,1
hau_188c0212f7d4b147aa83c3924df698f0,"@USER ehmn aimu munana semu mutu ku kuma kyawawan ku zauna jiran duniya",0,0,1,0,0
hau_0c1bb12d6080b7311b87f09a70605d62,"@USER wayaga packaging din inyamurai",0,1,0,0,0
hau_19af77f9855f59b7e9f2085e4a115b6a,"@USER allah ya qara maka lapiya your excellency, inyamurai zasu zabeka sama da yanda suka zabeka 2015 inshaallah",1,1,0,0,0
hau_1aff6d35d3f854fad126246b7530c7ff,"Ni tun farko nasan haka zai iya faruwa tunda naga reactions din yan Kwankwassiya a social media. Kowa yasan cewa babu camp mai jahilci da jahilai kamar na masu jar hula. Ba’a mata adalci ba kuma Allah zai saka mata.",1,0,1,0,0
hau_e6107cf7e0126818d05fccaf21e8666a,"dem beat shege dan iska commot from godzilla body. na hot water we suppose use press him body🤣🤣🤣",0,0,0,0,1
hau_dc6684f49011dcd84f87244d8e62f3ae,"Ba Kafiran da suka tsani musulunchi da musulmai, kamar kafiran Nigeria. Reciprocating it is obligatory.",0,0,1,0,0
hau_54d196e3e7c819a7589c3c82ad68c658,"daushe vs ibro. yaya namadi yau kuma harda arne akazo kauye. ibro_____ andamali ##url",0,1,1,0,0
hau_3488b1f32a9efe3870b2be47729b5431,"Gaskia Gandollar bagidaje ne wlh😂",1,0,0,0,1
hau_f3457633d5f1c91f5050e2157891ef3b,"@USER laaa kar ya dame ka fa dan shi'a ne saboda abin da ya faru da zakkayi yake ta kunfar baki😂😂",0,0,1,0,0
hau_4b8934a162a83b8c504bbb919bcd7d01,"may allah help us address poverty, so people can afford a decent education for their children, and also stay away from harmful conservative practices such as sending children to become almajiri. ##url",1,0,1,0,0
hau_57ca880db95ff651d8b949b80a17b51f,"@USER uban babanka ne terrorist shashasha dan kwangilar addini, duk sai allah ya tozarta ku",0,0,1,0,0
hau_3c311f03f0e1509e44149bc77e885390,"Dama wa yake batun ƴan kwalta. Amma su kabilun Nigeria wlh musamman ya kudu wlh sunfi mu ƴan kwalta mazan da matan, su ma'auratan su basu yadda dasu ba",0,1,0,0,0
hau_5a638f63288d3ddf4d16c83c3e14e598,"@USER kina son talaka",1,0,0,0,0
hau_7b00bfec71b129fca8d53cf98895aaf9,"hausa people will call this guy 'qasungumin jahili balidi kuma daqiqi'. how can you give amnesty to someone you employed to protect your people? ##url",0,1,0,0,1
hau_b8933257fa526e3fbb13f5efd331a536,"alaji kasar nan se a hankula dazu inyamuri naga yana saida carbi",0,1,0,0,0
hau_d188e596a8745cc4ced263d055e2ce1c,"why is the almajiri system not in saudi arabia? or qatar? una sabi islam pass the people way get am?",0,0,1,0,0
hau_716bdbbe0254f9dd7e8c153d4cd666aa,"wawa jaki mara tarbiya dan jaka sakarai ##url",0,0,0,0,1
hau_2679da82fcfff955f9a011a8321f09bf,"kahiri da kafiri are the same man, kawai gwarawa ke using 'f' instead of 'h'",0,0,1,0,0
hau_929059a28453e56384ea88b926e4a4fc,"Shi kenan kwankaso kaima ka bi sahun yan abi yarima a sha kida. Yanzu dai manuniya ta nuno mana kai tantarwai!",1,0,0,0,0
hau_6b76eb80e155d09e0d4933bd42d6c12f,"irin wadannan yayan marasa tarbiya tsinannu sune suke zanga zangar rusa sars kai kuma dan arewa har keke goyan bayansu bayan kaine yakamata kanemi security a inda kake! allah waddan naka ya lalace! shame on you ##url",1,1,0,0,1
hau_d0dcd74b916aeda8af23194b8ca69807,"gats be the one i try almajiri in front of my house and e chop my father. e beat me black and blue. no physical scars sef. na ptsd e limme with😭 ##url",0,0,0,0,1
hau_5f3110e3ed655188bcb7be258fce23ab,"Har yanzu ɗan arewa bai san ciwon kansa ba. Har yanzu ɗan arewa yafi ganewa yayi ta rigimar cikin gida yana cin mutuncin dattijai da malamai. Har yanzu dan arewa yafi ganewa yayita yayata shirme da shashanci a media. Ta ina al'umma zata ci gaba a haka?",1,1,0,0,0
hau_0beedba272f01ff0330143693497d42f,"duk mai bayyana tsaraicinta ko tasa kaya mai bayyana siffar jikinta tsinanniya ce.!! duk mai bayyana tsaraicinta ko tasa kaya mai bayyana siffar jikinta tsinanniya ce.!! duk mai bayyana tsaraicinta ko tasa kaya mai bayyana siffar jikinta tsinanniya ce.!! inji annabi saw.✍️",0,0,0,1,0
hau_bf6735ac5c9c37a1a4ce6ed8b6e49a7d,"@USER to kai a wana littafin kaji ance twin zasuyi aure ko a kafirai babu",0,0,1,1,0
hau_e0abca8bf811b4732d6852e3297f2e47,"@USER almajiri / aboki &gt;&gt;&gt;&gt;",0,1,0,0,0
hau_73a319b7d4626d0a4fdf4288a33bdbb1,"@USER wawiya ce ai",0,0,0,0,1
hau_5922e267ddc118dd1600e1c433043c08,"zindiqan banza da wofi yan iska mutanen tasha ##url",0,0,1,0,1
hau_c58b94ea9a5c6627f9acc53ebd568c2a,"Dan Bilki Kwamander ya saka Baba dan Audu a gaba😂😂😂😂 @USER, wane dan gajere mai jakar tsaba? 😂😂😂",0,0,0,0,1
hau_737cb9d45db2ca52962c34c50a2d7cd4,"arnee ai arne ne, koya musulin ta seya koma ruwa,🤣 ##url",0,0,1,0,0
hau_69eec943984ebf6f713eebdf9f31a9ce,"@USER werey dey watch k-drama for office kai karuwa",0,0,0,0,1
hau_e4e3525958c139e9aca9b02b2cf6006f,"Mutanen nan fah duk wani nau'i Na kafurci akwai shi a addinin su Yasin, don gwara arna da sukace yesu da babansa da holy spirit duk Alloline, Amma a addinin nan kowa matsayin sa ya akai a a bauta Masa, Allah karemu ya Kare zuri'armu da Na makotan mu da yan uwanmu, amin.",0,0,1,0,0
hau_51e652ca9dfcf7b29784cd71c944041e,"#allah ya jikan musulman na kasar @USER da wani katon arne dan ta'adda ya iske su har cikin masallacin su dake wurare biyu yayita harbi, har ya kashe akalla mutum 49 banda wa'anda… ##url",0,0,1,0,0
hau_dfb53b7818d29ed0a57e2cc9b7817851,"-yace idan ya hau zai karya farashin dolar -zai samar da tsaro -zai gama da boko haram cikin wata 3 cakal! wa'iza waada akhlafa -(idan yayi alkwari ya saba). misla zalika -(misalinshi kamar haka 👇) -yace idan ya hau zai rabawa mu matasa marasa aikin yi n5000 duk wata.",1,0,0,0,0
hau_aa3bf86f8d6a81199ca74597dbab3f35,"@USER prof. fafunwa, northern nigeria being into islamic/almajiri education before the coming of lugard and his team, we wear shirts and gowns before then, we have entrepreneurship skills before then, so we are educated and entrepreneurs from any angle of life.",1,0,0,0,0
hau_193c2032c9d41f13eb1056081c46367c,"wani matashi mai tabin hankali a unguwarmu anace dashi ""hakori"", wani ya tambayeshi :- hakori ya jin dadi. sai ya amsa yace :- eh to alhamdulillah dan mufi wasu wasu kuma sun fimu, dan haka mungode allah. allahu akbar mahaukaci ma kenan. #alhamdulillah 🙏",0,0,1,0,0
hau_99925df0236141ff3c912ac32bec841f,"my fellow commarades forget about @USER ku nemi asusu domin kada ku zama sususu👌",0,0,0,0,0
hau_68fb4926228f703623e62dd8cb1c69bb,"wawaye banza 😂 ##url",0,0,0,0,1
hau_9506fdacad61dba8a92fce5fe1acb471,"@USER dan iska ne basu san gaskiya",0,0,1,0,0
hau_bcba5e49086a757545c607b5b50e4d6b,"@USER inyamiri in the houseeee🙌🏾",0,1,0,0,0
hau_a7dd19a4a83a2d4975c2fec903062b90,"kai yasir me bleaching shugaban munafukan twitter bamu ganka kana aibata irin wadannan mutanen ba, sbd kai dan wahala ne ko? yan kwankwasiyya ne suka shige maka ido sbd hassada ta cika maka zuciya. ##url",1,0,1,0,1
hau_2072eff150ef3e5797dc526d61a01f69,"na tsani abduljabbar din nan wallahi allah maridin kato tsinanne.",1,0,0,0,0
hau_c27e7306e59869eb8e3b3348e250b623,"@USER you ai dut inyamurai ne",0,1,0,0,0
hau_26798e8aa0134c046353f52db93cd813,"wan nan original munafuki ne, kafurin banza kafurin wofi, allah is watching u. ##url",0,0,1,0,1
hau_ff7c2ede17a331461c8b428eb3aca406,"daga lokacinda mutane suka bar bin dokokin allah, suka kama bin son ransu suna koyi da yahudawa da nasara to su saurari bala'i da jarabawa da masifar da zata shafesu. allah ka karemu daga bin son zuciya da koyi da yahudu da nasara. 🙏",0,0,1,0,0
hau_e3e02558e63b245d61db0f0fd235a2f7,"Wai an ce wata mata ta haifi kwalba, nace Wannan Ai ba abun Mamaki. Bane aka Haifo Buhari ma. Wanda yafi kwalba sharri🥱🥱🥱",0,0,0,1,0
hau_fd6800b61388f2ff57973b3e306cbea1,"ya wajaba mu hada kai mu tafi tare wajen yayata takara da manufofin mal ibrahim khalil da masu dafa mi shi a adc 2023 don ya yi nasara. ba gudu ba ja da baya. bamu da dan takarar da ya chanchanta sama da mallam ibrahim khalil a zaben gwannan me zuwa.. ##url",1,0,1,0,0
hau_12ddcf496fa921653f8176445ed269a3,"@USER aban karuwa ma da million 50 din yafimin",0,0,0,0,1
hau_ef3a33f188d675bd753fe59cce9fff5f,"shegiya naira 😂😂 ##url",0,0,0,0,1
hau_1d0ed567ad145c3dd10b396a6ceecc10,"thank god jonathanians era is over, they're been persistently disturbing us with a 'mirage' almajiri schools. shoving it to us, is an insult",1,0,0,0,0
hau_32bab87549167f65c2769df7fbed1d2f,"Kuma wai wasu wawaye suna maganar gwamnati na aiki toh a ina babu wuta babu ruwa haka muke rayuwaa a kano toh ina gwamnati anan",1,0,0,0,0
hau_faedea18bf85b0d280872c2012d2dc8d,"Allah Sarki Insha Allah Jamiyyar APC ta fadi",1,0,1,0,0
hau_50a7cdfb9764a7215fc43243fb275723,"@USER shegiya yar copy and paste jahila, ashe ke dakikiya ce, to dan uwarki gara mu rike android da irin wulakantar ki",0,0,0,1,1
hau_2805e9125848a0845a61e516489a93f4,"@USER opreation a wanki gaja😂😂😂",0,0,0,0,1
hau_0ae7369f5d7a82227a4536ee0995935b,"@USER na one almajiri like that.",0,0,0,0,0
hau_5642632c705c5c866f62cd0a46561e89,"Ban taba zuwa Kudu ba. Ba kuma na sha'awar na je ko sau daya. Gayyar dabbobi. Ni da Kudu sai dai a mafarki. Allah ka raba kasar nan along religious lines, kowa ya yi na sa waje. Ina amfanin rayuwa da matsiyata, mahaukata kuma jahilai?",0,1,1,0,0
hau_6a0ef67c1d7b4fcf6f2fe562beee3445,"“mutane iri shida ne:malamai da jahilai, da ‘yan duniya da masu neman lahira, da wadanda suka fi ka, da wadanda ka fi su”. daga littafin “masu hikima sun ce” na malam baba ahmad.",0,0,1,0,0
hau_967762a33296a3b6f320735472faad70,"the almajiri(jega) vs the militant(orubebe). and the almajiri won.",0,0,0,0,0
hau_3ce84b6bedad8ad6e4345ba564b4b763,"@USER kyale dan duniya 😂",0,0,0,0,1
hau_4d70383b75754aa358de3c650c823fa2,"Shifa Alai Sani mai bakin kiss besan Prof bane wallahi. Maybe he was thinking prof was like them Kabiru Gombe Bala lau and co. Yan Jagaliya bai San prof mai ilimi da karatu bane",1,0,0,0,1
hau_c7e87134c7d4c3bf0b557a0037bba6da,"@USER achikota ekwe onu. arne banza.",0,0,1,0,1
hau_810b149839d36b0008b65bd2bc4fa1d8,"@USER jahilar banza ba",0,0,1,0,1
hau_90ce39f943087336a43bcf47ec9181a8,"@USER shegu tsinannu, allah ka tarwatsa wayannan matsiyatan amin albarkar annabi (saw)",0,0,1,1,0
hau_2d6558e8aa08c28fab35ba7bf0f1a045,"wai dan allah maiyasa kyawawan mata suke tallata kansu amma kuma munana suna aure abunsu ##url",0,0,0,1,0
hau_6e23f469ee9d07d04e4cfe7bc12726d1,"@USER wakanda ya mutu kafiri",0,0,1,0,0
hau_b2ee4f06b226cba6598a5398da09b23f,"@USER dan iska akama shi a yanka shi shi ma, abida sukeyi a film yazo nan yayi mana wannan kykkyawar yarinya yasa wuqa ya yanka sabida mahaukaci ne shi",0,0,1,1,0
hau_0e4e396a54e847a1f7f154985c50eb4a,"inyamuri da filter 😂😂 ##url",0,1,0,0,0
hau_9bbdf5dd6524ee0e53387a16dda8f0ea,"@USER inaruwan talaka da zabe komai yaje ciki to normal ne",1,0,0,0,0
hau_8239e16710cf4f3e6edae3e0564f0822,"@USER wawa kawai,, jakin yahudawa",0,0,1,0,1
hau_0ee61d15fdcdebb5d0b6148e3fd498df,"@USER ashe uwarki mah yar wahala ceh😹",0,0,0,1,0
hau_e4eaa84fa154d73e027e4a5d91d915c9,"well, thats for you bros,but when it start,almajiri will demand for them if you hid any one ##url",1,0,0,0,0
hau_afb70de9a209475abee218594adc6e29,"@USER kaji 'yar matsiyata😞dan uwarki ke wacece.",0,0,0,1,0
hau_326ae2ca4c1ad33900eaf544b34f5e14,"@USER lol 😂 wannan argument din dolo ne",0,0,0,0,1
hau_818972cf27ca58c339b44d9bb8d1f56a,"baba dan girman inyamirai da yarbawa, dan darajar jirgin sama da kasar waje... ka taimaka wa talakawan kasar nan... #kanolockdown",1,1,0,0,0
hau_5068cc53b3ab62120e22954d6fa26d7c,"Kana neman dan tinkiya ah arewa kasamu wannan mutumin kagama Mtsww😒☹️",0,1,0,0,0
hau_fc3705a86bd6683e1a3ed6086e85eec0,"@USER marasa hankali ba",0,0,0,0,1
hau_1c37c8c05ad8c8bce6a46e6803bcefc3,"@USER yes called us anytin you want. na this almajiri we used nd kick ur down in 2015🤣🤣🤣.",1,1,0,0,0
hau_9c25a4b76c42f0247efa8d7819b39ec9,"Lokacin da zaku fara dukan yan siyasa ku kira ni, for now I do not give a damn",1,0,0,0,0
hau_0b6c05843a8b12ac6f2bd6d6756de30d,"🤣🤣to ni 'yar 4k dinma da ake bayarwa in baza'abani ba aii sai a fada😎😎 yo to dama ina ruwan biri da gada 😂😂",0,0,0,1,0
hau_3fdebac738ed4d7323be8e51f929233e,"if we talk shehu ibrahim inyas you'll open your shitty mouth and start saying nonesense, cant you see yourself shamefully praising arne?",0,0,1,0,1
hau_765d023bedcba4f32d9d2cf6810f2723,"I don’t understand? You people and the fulanis are the real almajiri for this country",0,1,0,0,0
hau_c7a80efd3c36d4e3d6740d611755e885,"shey una dey mad. yan kutumar uba. shegu kawai. abeg make una stop this kind rough play. ##url",0,0,0,0,1
hau_a8bf8712c74503b6750e754090382726,"@USER kin buɗe kofan ɓarna da wani kafuri yayi amfani da dama ya keta mutuncin musulmi.. hotunanki da ke nuna tsirancin ki kuma suna nuna yarda da arna suka yi. allah gafarta mana baki daya .",0,0,1,1,0
hau_e374d1c7dd60b5ec0eafb98f8daddfc4,"tafi karfinka arne @USER : “@USER : dan ummah allah ya isa.”kai dan nace bana son ki 😳😳",0,0,1,0,0
hau_0b8e06f934bf69b0f98810fa148181af,"@USER ubanka ne useless, shege wawa wanda bai mutunchin mutane ba, saboda political differences kawai zakacewa mutane useless, daqiqi kawai",1,0,0,0,1
hau_9d37c39b034422d56a485e4f984a3676,"Kunga de yadda rayuwa ta mayarda Bala Marke. Hotonansa da sukayi trending last week ashe tsofaffin hotuna ne, shiasa akeso mutum ya dinga shuka alkhairi. Kalamansa basa nuna yayi nadamar abunda yayi",0,0,0,0,1
hau_bb2a5cbe401c620a3e3df4a232504ba7,"@USER wani da arabi da bokon amma yafi jahili iya shege",0,0,1,0,1
hau_1eee89565a62a07d258c4cd27baa84ef,"@USER which light? at baze or next? haba dai, kar a mayar damu wawaye mana",0,0,0,0,1
hau_5fc78358871894d906a917ed316bdbb7,"bindiga sai soja, hukunci sai kotu, tambaya sai lauya, sata sai bera, zagi sai bamaguje, jihar kano sai gawuna insha allah. ##url",1,0,0,0,0
hau_8c88a1d019ab09253e435722a87d48c2,"du macen da zataje dakin saurayi ta tube kayanta babu wani rufa rufa... yar iska ce kawai... kuma ba'abun a tausaya mata bane shedaniya.. 🙄 allah ya kebo bayi, yasa mufi karfin zukatanmu ya karemu daga zina mu da zuriyarmu.. 🤲",0,0,0,1,0
hau_2c4d2e8171c357e313b258f2a84ced99,"dama ance wargi wuri ya samu. kuma maganin shege karen maguzawa. kaga yanzu da deezell ya fito musu ta bayan gida ai sun fara neman tuba daya bayan daya. wata yanzu ta koma ga allah tace musulmi dan uwan musulmi ne amma lokacin da suke qala mai sharri ai ta manta da haka.",0,0,1,0,1
hau_25ea455a57f96981fb360ecf59507dad,"@USER it is a success, you truly deserved. it is an achievement you have truly earned. i congratulate you on your success and wish you all the best for your future. well done.allah yasa ya amfaneki duniya da gobe kiyama🙏",0,0,1,0,0
hau_81b8049f518d3ae76278da1f89c78793,"the end of @USER in nigeria insha allahu. they wasted 8 years of good governance in nigeria. we will never forgive you. matsiyata.",1,0,0,0,1
hau_3fedd2cb341bf46c264a46b9c3e357f2,"@USER mankala anaa falaisa huwa kin bata mummuna kawai",0,0,0,0,1
hau_97f60609886715967a6466731ffcf950,"BABBAR MAGANA MUSHIRIKAI YAN SHI'A SUNCE ZIYARTAR KABARIN HUSSAIN YAFI YIN AIKIN HAJJI KA DUBA CIKIN BIHARUL",0,0,1,0,0
hau_a31ba39a387da8e58b18a075afe902f6,"voices for #accountability in bauchi. bauchi meeting ahead of almajiri child rights day. may 25th. #actnowonalmajiri @USER ##url ##url",1,0,0,0,0
hau_0ba0d5c04cd1ed4212636704f0ac3e20,"wai almajiri 🤣🤣🤣🤦‍♂️ ##url",0,0,0,0,1
hau_81fd576c3c82f7956f9330262ef39caf,"tell him these almajiri school here in sokoto state",0,0,0,0,0
hau_90356c15f546fb7becf892da89f75eed,"@USER wannan kwaton jahili ne namatsanesa wlhy",0,0,1,0,1
hau_07fb56bd9a16a04dbb7908c6532564ce,"itafa gombe kamar madina take sai dai bamuda yawan kafurai amma munada yawan munafukai da yan hassada 🤧🤧🤧🤧",0,0,1,0,0
hau_cd5d335cd32dd1fec962d81d940b36ca,"inka mutu ka mutu kafiri 🤗 ##url",0,0,1,0,0
hau_6eb762e9937245722e68eaf54dd7d2b0,"@USER to ai ko a arna baza ka samu irin wannan ba ko bayahudiya zaka aura?",0,0,1,0,0
hau_3bf79dd9da54c343c60e263c9a4c6936,"dan izala naga mun cika clashing dakai fa, yah take ne ustaz🤦‍♀️🧐 ##url",0,0,1,0,0
hau_0445108d1e18526c06fb749e45700992,"ba laifinsu bane. laifin iyayensune. da iyayensu sun basu tarbiyyar musulunci da koyarwar annabi sallallahu alayhi wa sallama da basu aikata hakan ba. su kansu iyayen nasu sun fiso suyi kwaikwayon yahudawa ##url",0,0,1,0,0
hau_c0731445a5ead447542d48afb6205551,"ni dai ba dan tasha bane kam!! ##url",0,0,0,1,0
hau_8c46e0551fa4d471c6297a31a77ac1ac,"@USER ai arna 500 or bak of hilux wai 😂😂",0,0,1,0,0
hau_f1145eba3433b44ef2ba35c6e6547c6e,"@USER bar yan wahala",0,0,0,0,1
hau_cdf5c369c6f4dfc2e1d057488c07c734,"@USER as for me! atiku abubakar is the man we need! because he is a good business man, ba baqauye bane, kuma tsayayye ne, ba kidahumi bane, atiku abubakar mutumne mai izzar rayuwa, kuma yasan nigeria da matakanda yadaceh domin chi gaba, baya qabilanchi, ko nuna 6angaranchi!",1,0,0,0,0
hau_988f8afc213b06e6d1fb9085c06b4fe8,"@USER baba share kawai. ni yanzu yaran arna zan fara following, saboda matan hausawan mu akwai raini d girman kai. ko ba haka ba guys",0,0,1,1,0
hau_8fd3211bb471d7044683063fad230de1,"@USER sell=sayarwa cell=tantanin halitta race=tsere race=kabila tail=wutsiya tell=gaya.",0,1,0,0,0
hau_361a313d2ac91502dc158d07f3a56a06,"@USER kibar yar wahala mana wlh batada tarbiya",0,0,0,1,1
hau_f982dd1cba941b4a34495f16526de083,"wannan abu yana damu na, gashin doki (attachment) da yana daya daga abinda muke bambance musulma da kafira yanzu yaran musulmi sun maida shi ba komai ba.akwai matsala. allah ya sa mu cigaba da gane daidai da ba daidai ba. ya shiryi masu yi kafin lokaci ya qure musu",0,0,1,0,0
hau_19b5f1def1a0d88e65a4fa36a3248707,"kuma baby yadda zakuyi da dan inyamurara ba domin yafika daraja a idon duniya 😜😜😜😜 ##url",0,1,0,1,0
hau_17757a211aea3359d93780e47a71e5cb,"@USER loll😂😂😂🤦‍♂️ me self i need salah jaki dan wahala ne🤦‍♂️😂",0,0,0,0,1
hau_31b5d2ca01b237403479cafb06f87586,"‘almajiri” education has impacted on psychological, social devt of child in nigeria’",1,0,0,0,0
hau_9ccf77af234663a74fb9049b8b9fa65f,"allah ya tsare musulmai da musulunci daga sharrin kafirai 🙏",0,0,1,0,0
hau_cf06d60f98edfcee82380c99696ce57c,"@USER kar ka yarda! dakiki ke maimaita aji ae.",0,0,0,0,1
hau_3d47da7b4ecca0d2b6101d284b7b681b,"dole na auri inyamura kai!!!!!!!",0,1,0,1,0
hau_3dbbcaa7a97a499abab3f9157255471b,"@USER bakasan nayi hankali ba shekaran jiya ko??? dolo saura kai",0,0,0,1,0
hau_9196c3543e42fa7a66d700852dd73efe,"@USER kara musu da makarantar matan aure. makiya annabi s a w ne aikin yahudawa suke da daawa ta karya da ci da addini ciwon su baya tashi sai watan maulud yakama. لك الهد مني يارسول وإنني أحبك حتي حين في القبر ادفن you have covenanted with me,(rassullah) and i will love you even when",0,0,1,1,0
hau_b8251099af40b4fb639061824c3fa5d8,"@USER amma aey this is nonsensical, at least uew have to show some respect to uz cus vakisan kowa a nan vah, kuma public figure dinki aey na vanxa naeh since uew don't even have a talking manner. then vah sae kin pada vah we all already knew kae yar tasha caeh @USER",0,0,0,1,1
hau_c6117ecfde1547b0255788888133b8d4,"“@USER : shege arne kawai sei ka kone a wutan jaheem insha allah” toh fa,what's wrong now?😳",0,0,1,0,0
hau_3b6229cea521ee639c4a26abba2714bb,"@USER wallahi karyane... how many almajiri can recite quran today??.. since majority of them are out of the madarasat wandering around... re-think dear",0,0,1,0,0
hau_2a9eb34596edb7c7a026e14eac57097a,"narasa dame zan kwatanta wannan al'amari wallahi, jahilci ne? hauka ne? dabbanci? ko me? waye buhari harda in baka soshiba za'a maka muguwar addu'a? kafirai ma wadanda basu so annabi saw ba basuyi bara ba balle som1 that is zero(0) behind d decimal point. allah yakyauta. ##url",1,0,1,0,1
hau_cbf2f1f0d24e8c823f6e95ac02e1b2ff,"@USER i won't argue with the origin ... but as far as the current generation of we hausas are concerned, when we say inyamiri, we mean igbo, we borrowed your language regardless of its meaning and gave it our own meaning, i don't know if you understand what's happening here",0,1,0,0,0
hau_701086785d65c6b398876017a0b08170,"shegiya munafukar musulma wakiliyar arna. allah wadai da irin ku a cikin al umma",0,0,1,0,0
hau_4ce20e1523146d929392160dc8dbf073,"#qudus a goman karshe na ramadana mutum dubunnai ne suka halarci sallar tuhajjud a masallacin qudus! wannan ya tada hankalin makiya allah yahudawa, suke ta hauka suna kai hari, su kuma mutanen sun ki suji tsoro. allah ka ɗaukaka addinin mu na musulunci... ##url",0,0,1,0,0
hau_d83e3a016afb4c9daac06ae25bc6500c,"shifa audu chiranchi ya dauka kowa jahili ne irinsa...shi agunsa wannan katobara da nuna jahilchi a fili tare da jajibo fitintunu a siyasa, shine birgewar da za ta sa maigirma gwabna ya bashi damar wucewa a matsayin shugaban jam'iyya! to zako ka sha mamaki... Offensive Hausa yes it’s not everyday, but akwai mayu kullum sai an kashe arna😀🤦🏻‍♂️ ##url Normal Hausa ran haihuwar mukhtari anga abun mamaki, kafirai sun rude, hankalin su ya tashi babu sauran qarya gaskiya ta sauko wanda babu irinsa sannu da zuwa maulana, sidi barka da zuwa maulana mukhtari. #twittermaulud",1,0,1,0,1
hau_f9e0f03136eba9a47088d00b145a0ac0,"@USER to ki nemi bagidaje ki aura😂😂😂",0,0,0,0,1
hau_065632463c23cc167ba109864e80bef9,"ai naci uwar wasu inyamurai a camp da fadar bege🤣🤣🤣 ##url",0,1,0,0,0
hau_4e550dbffdee4d00aa7fa064140623a3,"@USER inyamurai sun cika masu qasa",0,1,0,0,0
hau_4a9880640e5fc0b224410223231c0251,"@USER he claims to know north very well and understand hausa and we are arguing about word almajiri so i said let me use another formula to test my guy and see now look at him insulting me",0,1,0,0,0
hau_980e8c89edea0c0358472671fff41075,"@USER from your profile, i can see you are a justice and logical person. weldone yar darika👏",0,0,0,1,0
hau_853917fa2d6df1875fb1d424446ab8e0,"is it right for almajiri to be used as child labour to collect trash in kaduna",1,0,0,0,0
hau_1f28468bceb3a4707d1ccb503375ed2a,"ku fita filin zabe ku daina kira a raba najeriya – ohanaze ta fadawa inyamurai ##url ##url",1,1,0,0,0
hau_5da7df51c67a4c8161990d5496a2c6bd,"wannan shine #soyobonga_bokamaso dan iska na africa. asali shi a ce daga katsina ne 🥵 ##url",0,1,1,0,0
hau_738f115e24d98262cfdcde114934cbb3,"@USER eh indai ubanka bamaguje ne 😂😂😂",1,0,0,0,1
hau_e187c727bf9441de41b6d180483dbd07,"@USER over 10million children are out of school in nigeria with 60% from the northern nigeria, ora educational foundation need your sponsorship to reach out to this almajiri children ##url",1,0,0,0,0
hau_8652e4ad16d24ecf6f332d817ed683ad,"@USER da marowata dai kika hadu",0,0,0,0,1
hau_47a9f92f99b52d9ad39ad2be833d041a,"@USER ameen ya rabbi fatanmu mu almajiransu shine malamanmu sukasan ce masu yiwa junansu addua d ftn kyakyawan karshe tr da dacewa da gsk. ko da akwai sabanin fahimta. allah ya kyautata karshe maluman muh masu koyar damu dan neman yardar allah koda kai batijjanene,bakadire'ko dan izala",0,0,1,0,0
hau_9d7e8b2f82a94e1edc023cd3471e0873,"bayern wai su arna",0,0,1,0,0
hau_74e0278d94ef74bb21bfe20d01d7ceeb,"@USER dama garin banza a farau_ fara din wofi ya ke karewa",0,0,0,0,1
hau_a855ba346e49dc3aa3486598dcaa1b99,"hadisi ya inganta acikin bukhari cewa wanda ya kashe kansa to ya mutu kafiri, kuma zai tashi ta hanyar yadda ya kashe kansa ranar alqiyama. amma babu kuma nassi ko hadisi wanda ya nuna zai tabbata a wuta. allahu a'alam. ##url",0,0,1,0,0
hau_af045d667e3f66a548cad59ddc3a3984,"death is a testimony to the fact that nothing will last and remain forever except the will of the most high (allah) allah yajikan musulmi, allah ya karya kafirci da kafirai ##url",0,0,1,0,0
hau_09026cee3b9ca8d32b418d7ac19d58f6,"the opportunity to go to vocational school, also free of charge. kaduna government will jail parents who enroll children into almajiri"" governor nasir el rufai of kaduna state.",1,0,0,0,0
hau_92a53a5c9fe9e829752eeaee70981026,"baba anci arna kutumesi...",0,0,1,0,0
hau_b08b2c0b4238f0d6360aa2c2069493bf,"@USER as no hospital in nigeria... munafiki",0,0,1,0,0
hau_6eb1d679cb73376c821e6299a8851773,"sallah babu arwalla sai kafuri 😂😂 ##url",0,0,1,0,1
hau_99904758ab3921ee86340abdd53e948f,"@USER ba sai an kai ga hadisin maguzawa ba. bar su da mai duka kawai!😂",0,0,1,0,0
hau_20e79b9c5a280aaf33c3acc1e6f0e090,"ba kasan kashe arna ba? ##url",0,0,1,0,0
hau_4056d17788fca54e9bdd39827aee5b90,"@USER masha allah, allah biya a mizani 🤲🏼. amman naji yace suna shan ruwa da dabbobin su, how much does it cost 2build a well da bazasu iya siyar da dabba domin suyima kansu rijiya ba? sir, may b u can include sensitizing dis ppl to sacrifice n do something 4 themselves 👏🏽. jzkhallah",0,0,1,0,0
hau_74e88e21db148a8f6ad13d8721a40408,"a yan kwanakin nan an jiyo wasu daga yan kungiyar izala suna tabbatar da cewa idan har @USER ' ya cigaba da mulki zai dakile musu da wanda suka kira mushirikai (yan darika) kamar yadda ya dakile wadanda suke kira kafirai (yan shi'a) a jihar kaduna. #kadunadecidespeacefully ##url",1,0,1,0,0